Word,Count
CR,231
เที่ยว,129
รถ,75
ไหม,71
คน,67
ดี,63
ปี,63
สอบถาม,63
เดินทาง,60
แนะนำ,57
พัก,48
ญี่ปุ่น,43
คืน,40
ตอน,38
หา,31
ซื้อ,31
ไทย,31
ตัว,30
เครื่อง,29
กิน,28
ทำ,28
รีวิว,28
ถาม,26
นั่ง,25
เรื่อง,25
เรียน,25
ทริป,25
ร้าน,25
เมือง,24
เส้นทาง,23
เดิน,23
หนาว,23
งาน,22
บิน,22
รถไฟ,22
2015,21
เชียงใหม่,21
น้ำ,20
ประเทศ,20
ภาพ,20
ผม,19
อาหาร,19
รบกวน,19
ถ่าย,19
บ้าน,18
ค่า,18
ดู,18
เงิน,17
ราคา,17
ทราบ,17
เพื่อน,16
โรง,16
เล่น,16
นอน,16
สาย,16
in,15
ชีวิต,14
เกาหลี,14
ทะเล,14
Review,14
..,14
เกาะ,14
เดือน,14
จอง,14
อเมริกา,13
สำหรับ,13
สวย,13
กี่,13
ท่องเที่ยว,13
กระเป๋า,13
แรม,13
รู้,13
บาท,13
ใบ,13
รูป,13
2016,12
งบ,12
ชวน,12
Trip,12
หน้า,12
ชม,12
ติด,12
ขาย,12
ทัวร์,11
ค้อ,11
ฮ่องกง,11
เวลา,11
กระทู้,11
หนี,11
SR,11
วิธี,11
วัด,11
ตลาด,11
ขับ,10
กลาง,10
++,10
เด็ก,10
บัตร,10
10,10
สอง,10
แถว,10
โอซาก้า,10
ประสบการณ์,10
แบก,10
น่าน,10
15,9
ลูก,9
ตั๋ว,9
สนามบิน,9
สถานที่,9
เลือก,9
กล้อง,9
Hotel,9
ตู้,9
รัก,9
วีซ่า,9
Countdown,9
สี,8
ห้อง,8
ตะวัน,8
The,8
กรุงเทพ,8
แฟน,8
amp,8
สถานี,8
สวน,8
ภาษา,8
คับ,8
ลม,8
ตก,8
เช้า,8
เย็น,8
อังกฤษ,8
ออสเตรีย,7
ตะลุย,7
เจอ,7
อร่อย,7
เตรียม,7
Pass,7
....,7
เป้,7
พม่า,7
กทม.,7
26,7
&quot,7
ไหว้,7
ด่วน,7
quot;,7
แม่,7
โตเกียว,7
Tokyo,7
นา,7
คัน,7
อายุ,7
เก่า,7
30,7
เยอรมัน,7
ภูกระดึง,7
2559,7
เชียงราย,7
โมง,7
สาว,7
เค้า,7
หาด,6
of,6
เกี่ยว,6
๑๑๑๑๑,6
โลก,6
ส่งท้าย,6
พี่,6
59,6
วิว,6
ต้น,6
ประกัน,6
บรรยากาศ,6
โดน,6
ไฟ,6
ตอบ,6
ชาย,6
JR,6
ชุด,6
จังหวัด,6
สวัสดี,6
Part,6
อากาศ,6
ปาย,6
ไม้,6
ขี่,6
ยุโรป,6
Osaka,6
ชาติ,6
พระ,6
แม่ฮ่องสอน,6
แวะ,6
16,6
Resort,6
จอด,6
จีน,5
Day,5
โรมาเนีย,5
หญิง,5
ระบบ,5
สไตล์,5
รู้จัก,5
New,5
ธรรมชาติ,5
พัทยา,5
ลอง,5
ร้อน,5
กาญจนบุรี,5
สอบ,5
เหนือ,5
แลก,5
แหล่ง,5
18,5
ยา,5
อินเดีย,5
ดอยหลวงเชียงดาว,5
ดิน,5
หัวหิน,5
จุด,5
ปั่น,5
pass,5
จักรยาน,5
ใส่,5
แต่ง,5
ข้าว,5
ภูเก็ต,5
ไหร่,5
ฝัน,5
เรือ,5
รอบ,5
ALONE,5
TRIP@RUSSIA,5
DEC,5
มกราคม,5
JAN,5
ภูทับเบิก,5
ชม.,5
หิมะ,5
บริการ,5
&amp,5
พลุ,5
สวิส,5
ประทับใจ,5
คุ้ม,5
มอไซค์,5
ลาว,5
+++,5
2558,5
จบ,5
ลุย,4
Japan,4
ภาษี,4
ฝาก,4
องศา,4
ลำปาง,4
day,4
life,4
พิเศษ,4
รองเท้า,4
สวรรค์,4
ฉบับ,4
สงสัย,4
โดยสาร,4
เดี่ยว,4
ทิ้ง,4
เช่า,4
แชร์,4
ขนาด,4
เครดิต,4
Kawaguchiko,4
ชิล,4
หยุด,4
and,4
ข้อมูล,4
โคราช,4
trip,4
000,4
ย่าน,4
ตัวเมือง,4
เซียน,4
ระยอง,4
ประหยัด,4
สาม,4
เชียงดาว,4
In,4
กางเต้นท์,4
ดินแดน,4
ยื่น,4
อันตราย,4
resort,4
ตม.,4
ดอยแม่สลอง,4
&amp;,4
กรุง,4
ร้อย,4
ดอย,4
กินกะเที่ยว,4
ใส,4
ฝ่า,4
ลุงอ้วน,4
ดาว,4
Lake,4
ลา,4
สอน,4
review,4
พลาด,4
เชียงคาน,4
หนังสือ,4
Bangkok,4
อุตรดิตถ์,4
รัฐ,4
หลวงพระบาง,4
ถุง,4
สนามบินดอนเมือง,4
ดาวน์,4
ทุ่ง,4
&gt,4
เกียวโต,4
ตุลาคม,4
แผน,4
ช้าง,4
ข้าม,4
กด,4
หมู่,4
ยอด,4
แดน,4
ประจำ,4
น้อง,4
โซล,4
Seoul,4
ไต้หวัน,4
ปลา,4
เต็นท์,3
Cafe,3
แต่งงาน,3
ชั้น,3
เต็ม,3
สนุก,3
บันทึก,3
ช็อป,3
ใกล้เคียง,3
Winter,3
แอร์เอเชีย,3
อยุธยา,3
สนามบินสุวรรณภูมิ,3
ติดต่อ,3
อ่าน,3
สภาพ,3
เหรอ,3
Kyoto,3
ท้าย,3
ฤดู,3
มอเตอร์ไซค์,3
เช็ค,3
รอย,3
พก,3
&lt,3
time,3
กระเจ้า,3
San,3
พ่อ,3
บุรี,3
เซ็น,3
รวบรวม,3
Line,3
ลาน,3
Disneyland,3
ผอง,3
วังเวียง,3
Air,3
ตา,3
ทุ่ม,3
สนามบินนาริตะ,3
สิงคโปร์,3
บุหรี่,3
แรง,3
ครอบครัว,3
ขา,3
มกรา,3
Hong Kong,3
วาง,3
14,3
ไร้,3
เกาหลีใต้,3
พิชิต,3
ประเทศไทย,3
แดง,3
JAPAN,3
รัสเซีย,3
สังขละ,3
Terminal,3
บัส,3
หัวใจ,3
รี,3
แจ้ง,3
หวาน,3
ปล่อย,3
ท้อง,3
ห้าม,3
หรอ,3
เบา,3
สนามบินเชียงใหม่,3
America,3
มาเลเซีย,3
แม่กำปอง,3
31,3
ใด,3
หาย,3
ธันวาคม,3
หมอก,3
One,3
at,3
ริม,3
ช่อง,3
ธรรมดา,3
หนุ่ม,3
Kansai,3
ชะอำ,3
ถนน,3
ใช้จ่าย,3
ไหว,3
ฝรั่ง,3
ชิว,3
street,3
Bay,3
โรงแรม,3
เยือน,3
โครงการ,3
อาคาร,3
โอซา,3
พิษณุโลก,3
ปรึกษา,3
อัมพวา,3
ฟ้า,3
โชว์,3
ความทรงจำ,3
รีสอร์ท,3
มหาลัย,3
มัธยม,3
ล้าน,3
เลนส์,3
กาแฟ,3
เชียงของ,3
17,3
500,3
ม่อน,3
แจ่ม,3
ชื่อ,3
เมล์,3
สะดวก,3
ขอบคุณ,3
บัลกาเรีย,3
ทริปเชียงใหม่,3
ต้อนรับ,3
Oo,3
ไฟฟ้า,3
ม.ค.,3
Thailand,3
หนัง,3
ฉะเชิงเทรา,3
จ่าย,3
ชัยภูมิ,3
แปลก,3
เค้ก,3
ก้า,3
ใจ,3
เนปาล,3
อิตาลี,3
Singapore,3
ปาง,3
พัน,3
เกาะช้าง,3
ปลาย,3
.....,3
สายหมอก,2
island,2
ภูลังกา,2
Dec,2
ไกด์,2
360,2
Central,2
หมอชิต,2
ถ้ำ,2
Bao,2
view,2
ขนส่ง,2
am,2
ฟุกุโอกะ,2
World,2
Sapa,2
Park,2
นิวยอร์ก,2
ซาปา,2
รักษา,2
แคชเมียร์,2
ตึก,2
หอ,2
สามัญ,2
เขียว,2
นารา,2
ปากเกร็ด,2
มค.,2
ทริปที่,2
สินค้า,2
พัทลุง,2
ลูน,2
สนิท,2
วีซ่าอเมริกา,2
บอล,2
11,2
สวนผึ้ง,2
ขาว,2
East,2
สัมภาษณ์,2
ออนไลน์,2
ท้องถิ่น,2
สะกด,2
อก,2
ผลไม้,2
เกียว,2
เเละ,2
ทั่วไป,2
เตือน,2
อ่าง,2
700,2
ลพบุรี,2
เป้เที่ยว,2
ด่าน,2
เก๊า,2
Myanmar,2
ผจญภัย,2
เนิน,2
เกาะเต่า,2
เกาะเสม็ด,2
ผึ้ง,2
เอเชีย,2
ถั่วน้อย,2
ห้าง,2
Love,2
บูท,2
ปอยเปต,2
EVERY,2
หล่อ,2
ตุรกี,2
มัด,2
Wide,2
THE,2
จ้าง,2
ดอยสุเทพ,2
Dragon,2
Back,2
เหมือน,2
อุ๋ง,2
ซัมเมอร์,2
แลกเปลี่ยน,2
with,2
คู่,2
ขาม,2
77,2
Melbourne,2
แกะ,2
ท่าเตียน,2
เฉลิม,2
เสม็ด,2
กิ่วแม่ปาน,2
Germany,2
Nikko,2
Italy,2
สายการ,2
อิน,2
อาชีพ,2
อย่า,2
love,2
ticket,2
you,2
fuji,2
22,2
เทศกาล,2
00,2
Shinjuku,2
ฝน,2
ญาติ,2
กรณี,2
สุรินทร์,2
ระเบียง,2
Diego,2
รัตนโกสินทร์,2
ประดับ,2
by,2
ทุน,2
Gala Yuzawa,2
Transit,2
Before,2
ระนอง,2
for,2
refund,2
DAY,2
โพสรูป,2
หมื่น,2
เพชรบูรณ์,2
พ่อแม่,2
สมุย,2
ท่าน,2
กวาง,2
800,2
Tahoe,2
ลด,2
subway,2
27,2
สั่น,2
มีนบุรี,2
เบียร์,2
Hakone,2
พิจิตร,2
ล่องแพ,2
JapanEAT,2
8888,2
Visa,2
สระบุรี,2
สูตร,2
บันดาลใจ,2
13,2
แสน,2
อินโดนีเซีย,2
กู้,2
เรียง,2
IELTS,2
แบกเป้,2
You,2
58,2
บริษัท,2
ธค.,2
ป้าย,2
เมียงดง,2
๑๑๑๑,2
airasia,2
again,2
สนาม,2
เกาะพะงัน,2
นาที,2
43,2
ไฟลท์,2
หิ้ว,2
อ่ะ,2
Cuisine,2
ลอนดอน,2
ออน,2
ฉลอง,2
Yufuin,2
เท,2
หว้า,2
ไฟล์ท,2
ยกเลิก,2
วาน,2
กระบี่,2
Gift,2
Voucher,2
Christmas,2
ดวง,2
เคาท์,2
หลอก,2
Lounge,2
แพร่,2
ดอยสะเก็ด,2
ฟรี,2
แตก,2
Vegas,2
Las,2
ดอยตุง,2
ขุน,2
สกีรีสอร์ท,2
Farm,2
แอพ,2
น้ำมัน,2
พัด,2
Backpack,2
เสน่ห์,2
สัมผัส,2
ฟิน,2
แกง,2
ศาลายา,2
ต้าน,2
MOSCOW..,2
ski,2
free,2
โรแมนติก,2
พะงัน,2
ดอก,2
Kong,2
เจ้า,2
จ.เชียงใหม่,2
มือถือ,2
VS,2
เหงา,2
air,2
สุราษฎร์,2
หิน,2
ตรวจ,2
พระธาตุดอยคำ,2
world,2
days,2
Mai,2
เดิม,2
Chiang,2
Winter advanture,2
ครึ่ง,2
ชลบุรี,2
ซิม,2
กรุงเทพฯ,2
300,2
Forza,2
โฮจิมินห์,2
เล่า,2
เอกสาร,2
go,2
Shirakawa,2
ตามใจ,2
มนต์,2
กำแพงเพชร,2
พรี,2
Rayong,2
ลำบาก,2
Pre,2
หาดใหญ่,2
ล้อม,2
มหัศจรรย์,2
สิ,2
Repulse,2
รายละเอียด,2
ฟัง,2
ทั้งๆที่,2
ขนม,2
case,2
เมนู,2
Time,2
Check,2
แม่ริม,2
ขอนแก่น,2
เพลง,2
ข้อ,2
Jr,2
ประเทศญี่ปุ่น,2
วง,2
ฝรั่งเศส,2
ATM,2
เล่ง,2
สาขา,2
Ueno,2
นัง,2
ลดหย่อน,2
แนว,2
ป่าว,2
วัย,2
รุ่น,2
ลาดพร้าว,2
Everest,2
ปางอุ๋ง,2
ฝั่ง,2
นิยม,2
อาทิตย์,2
กาก,2
ล่อง,2
Cityscape,2
booking,2
อิ่ม,2
รสชาติ,2
คุ้มค่า,2
หลัก,2
airport,2
VISA,2
แหลก,2
ไร่,2
Mini,2
ดิจิตอล,2
ป่า,2
ดอยอินทนนท์,2
55,2
แพลน,2
ดารา,2
สุวรรณภูมิ,2
Market,2
ปราจีน,2
อลังการ,2
วัดอรุณ,2
ฉาก,2
คนเมือง,2
สวิตเซอร์แลนด์,2
แพง,2
ดื่ม,2
นุ่ง,2
river,2
365,2
มอไซ,2
Chic,2
ดอยม่อน,2
นิวซีแลนด์,2
ประเทศไหน,2
ย้อน,2
Zealand,2
แข็ง,2
อุดร,2
Year,2
Bed,2
แช่,2
มือ,2
ภัย,2
เปล่า,2
ll,2
สด,2
Camp,2
ร้อง,2
วิถี,2
โกย่า,2
Travel,2
หวัง,2
เที่ยวเชียงใหม่,2
เทียบ,2
20,2
ศัพท์,2
osaka,2
Saint Petersburg..,2
โทน,2
ติ่ง,2
เสาร์,2
ชิค,2
สูบ,1
โปรโมชั่น,1
OLOS,1
อุบล,1
KTB,1
ทับทิม,1
มะริด,1
ชมเดอะไฮรีสอร์ท,1
เคี้ยว,1
xt,1
036,1
KORAT,1
เมืองโคราช,1
โคลอมเบีย,1
CODE,1
ทริป &,1
ลาวา,1
หนู,1
บ้า,1
ลองโทสต์,1
สกลนคร,1
นำบัตร,1
นนทบุรี,1
533,1
222,1
พร,1
ประเทศเมียนมาร์,1
KBank,1
ล่า,1
ภูลังกา พะเยา,1
TOKYO,1
เผา,1
Utah,1
ชาติฝั่ง,1
แมพ,1
มาหา,1
กูเกิ้ล,1
ศาลหลักเมือง,1
เอ่อ,1
จังหวัดบึงกาฬ,1
สนามบินคันไซ,1
ไทยสมายล์&quot,1
ดอนเมืองไป,1
พิกัด,1
Montana,1
ชี้,1
Colorado,1
ไฟฟรี,1
Francisco,1
มุงกุ้ง,1
เน่ยยี่,1
บัญชี,1
Road Trip,1
กะปิด,1
ตัด,1
Passport,1
com,1
หมู่เกาะสิมิลัน,1
ฟินเฟร่อ,1
USA,1
เด้อจร้า,1
Similan,1
อุทยานแห่ง,1
Paradise,1
เยาวราช,1
เลิก,1
จับใจ,1
Jas,1
Milan,1
Miami Beach,1
สวนสนฯ,1
โด่งดัง,1
Hyperdia,1
West,1
Key,1
เอ๋อ,1
สยาม,1
ดาดฟ้า,1
ขี้,1
Full,1
Lugano,1
บ่น,1
โปรดอภัย,1
เซนปิ่น,1
ราชประสงค์,1
สาร,1
เกมส์,1
ฟิกเกอร์,1
ด๋อย,1
ปราณบุรี,1
nights,1
Sky,1
Wollongong,1
ปัก,1
Trans Siberia,1
ติ๊ก เจษฎาภรณ์,1
ลำ,1
กิ่ง,1
Package,1
ถนนเกษตร นวมินทร์,1
Resotel&quot,1
Krabi,1
tour,1
ปีกะ,1
ปวดใจ,1
ไบคาล,1
แย่,1
ป.ตรี,1
พักเกาะ,1
วิววารี,1
ฟรี ยุโรป,1
dome,1
Skywalk,1
Australia,1
อิหร่าน,1
Prepare,1
โก่ง,1
square,1
Welcome2,1
Snowy,1
เปลือก,1
Wonderfruit,1
เค้าท์,1
ก่าาา,1
จี๊ด,1
NAVIGATOR,1
Moon Party&lt,1
4NewYear,1
Sardonyx,1
Oak,1
Ep1,1
มุสลิม,1
มอไซต์,1
วิน,1
ระบาย,1
รามอินทรา,1
เต็มตัว,1
ทริปเฉิง,1
ตู,1
อินทรีย์,1
China,1
กทม,1
บ้านโปง-,1
Leshan Jiuzhaigou,1
อนุ,1
แม่โจ้,1
Chengdu,1
จิ่วไจ้โกว,1
เสาวรีย์,1
ganic,1
อุทยานสวรรค์,1
เชิง,1
นิด้า,1
แพนด้า,1
เกษตร,1
เล่อซาน,1
ปอก,1
พกกล้อง,1
NYC,1
ลำพู,1
จังหวัดสุโขทัย,1
Colombia,1
ฉงชิ่ง,1
aupair,1
ใด้,1
อ่าวผี,1
เกาะปอดะ,1
โอกาส,1
สถาบันการบินพลเรือน,1
ATC,1
จังหวัดกระบี่,1
HAPPY_NEW_YEAR_,1
รากฐาน,1
Arigato,1
มหกรรม,1
spring,1
20000,1
Shopping,1
โปรยทรัพย์,1
hot,1
ronghui,1
เฮ้ยแก,1
เมษา,1
ป่ะ,1
บุก,1
คิว,1
นิราศ,1
มหาวิทยาลัยแห่งชาติ,1
!!,1
preca gift,1
อะ,1
ขำ,1
สดวก,1
วิตก,1
Outlet,1
prada/gucci/marc,1
jacob,1
brandname,1
ทุ่งทาน,1
ไม๊,1
เสถียรธรรมสถาน,1
ความหลง,1
คะโรง,1
รส,1
ชะโงก,1
บ่าย,1
ขาลาก,1
โมร็อค,1
โค,1
ikebukuro,1
korea,1
สุขภาพ,1
Season,1
Low,1
มะ,1
อุบัติเหตุ,1
ออฟฟิศ,1
ฟิล์ม,1
Wifi Pocket,1
My Landscape,1
journey,1
มนุษย์,1
TT,1
Graden,1
โท,1
Maggiore,1
Queen,1
มัจจอเร่,1
ทะเลสาป,1
ทีที,1
ราชินิ,1
Ascona,1
เสมอ,1
===,1
ville,1
การ์เด้น,1
พุทธศักราช,1
๒๕๕๙,1
Mon,1
ใกล้ชิด,1
japan,1
clip,1
fi,1
wi,1
Slow,1
Google,1
translate,1
เอกดี,1
กิจการ,1
ภูหินร่องกล้า,1
oslo,1
เฟสบุ๊ค,1
ภูลมโล,1
ไลน์,1
มะปราง,1
ผิว,1
555,1
เม.ย.,1
Happy,1
น้อ,1
แปลเมนู,1
ไซ,1
แถบ,1
GOT,1
แบมแบม,1
วงการ,1
ประมวล,1
Honda,1
NC750,1
39,1
พาโนราม่า,1
ฟี่,1
กุ้ง,1
ชูชก,1
เซล,1
Raykjavik,1
Niigata,1
200,1
นิอิกาต๊ะ,1
ฯ..,1
bts,1
ขนส่งหมอชิต,1
กอล์ฟ,1
กรุงเทพมหานคร,1
pearl,1
hotel,1
Fragrance,1
โรงเเรม,1
Mirrorless,1
คิวชู,1
เซ,1
มาเล,1
นาฬิกา,1
ZIPStation,1
IWC,1
ไม่รู้,1
By,1
อำเภอทองผาภูมิ,1
เกาะรัง,1
จังหวัดตราด,1
Haruka,1
Tennoji,1
อำเภอ,1
อุ้มผาง,1
เน่ยยี่&,1
นัด,1
งดงาม,1
ชง,1
สมการ,1
South,1
พุฒตาลทัวร์,1
ประจวบ,1
ล้นเหลือ,1
น้ำใจ,1
บันได,1
ขุนแปะ,1
ห้วยน้ำดัง,1
พาสุนัข,1
สวนน้ำ,1
บ้านจ่าโบ่,1
เป้ท่อง,1
Cartoon Network,1
Amazone,1
Wanderer,1
ได,1
Couple,1
อุดรธานี,1
ครัว,1
หลักเมือง,1
โคราชรีสอร์ท,1
ศาล,1
เทื่ยว,1
วุ่นวาย,1
รอคอย,1
สักการะ,1
Vintage,1
มรกต,1
Chocolate,1
wonka,1
คัวศิลป์,1
หมั้ว,1
Yoshitake Sushi Michelin,1
กาด,1
ประชาอุทิศ,1
starred,1
ห่วย,1
มั้ง,1
ขวด,1
เวที,1
แก้ว,1
น้ำพริก,1
เอเชียทีค,1
ฮาย,1
แหลมบาลี,1
Tower,1
ท่า,1
สนามบินอู่ตะเภา,1
กุญแจ,1
นาวโอพี,1
คล้อง,1
เกาะชาโด๊ะ,1
Sado,1
เกาะงาม,1
จังหวัดน่าน,1
ช็อคโกแลตวองก้า,1
Scenery,1
รบกวนเซียน,1
71,1
นาคนิวาส,1
7s,1
มอเตอร์ไซด์,1
mini,1
instax,1
Fuji,1
บุฟเฟต์,1
สระ,1
ว่าย,1
600,1
อนุสาวรีย์,1
Toyoko,1
คอมพิวเตอร์,1
ลบ,1
ไฟล์,1
Inn,1
บางขุนเทียน,1
APA,1
นครปฐม,1
Super,1
สาเกญี่ปุ่น,1
รร,1
กระแส,1
Polaroid,1
วัชรพล,1
Canadian,1
motosu,1
Party,1
กะดี,1
สาธารณะ,1
ปกติ,1
กลั้น,1
หายใจ,1
จิบ,1
ชารอ,1
พระอาทิตย์,1
บ้านหมอก,1
ปชช.,1
อาณาจักรพุกาม,1
ขลัง,1
เขียวหวาน,1
ซอสผัด,1
NO.3,1
อุตสาหกรรม,1
Fullmoon,1
&amp; Enoshima Island,1
น&,1
Record,1
ปางอุ๋ง รัก,1
ไก่,1
Bonchon,1
โกตาบารู,1
รัฐกลันตัน,1
เตรังกานู,1
จังหวัดอุทัยธานี,1
#Our,1
SakuraFirst,1
ซากุระ&,1
วั,1
เ งี,1
ข อ,1
า ง แ,1
Kamakura,1
siam,1
Reit,1
3000,1
มูก,1
พกยา,1
แทน,1
ชิน,1
ดีหนอ,1
ถนนพระราม 4,1
อ.ปากช่อง,1
จ.นครราชสีมา,1
lzakaya Taro,1
ซอยเทศบาล 5,1
ME,1
MOM,1
AND,1
แม่ลุย,1
สุดพลัง,1
สนใจ,1
พรุ่ง,1
Orient,1
8500,1
thai,1
ส้ม,1
ประถม,1
ลาดกระบัง,1
บริษัทโอสถ,1
สภา,1
รามคำแหง,1
สัก,1
MINI,1
POOL,1
VILLA,1
กัปตัน,1
ฮุก,1
แพ็ค,1
50,1
Criminal,1
แบริ่ง,1
บางกะปิ,1
แผลใจ,1
อำเภอฮอด เชียงใหม่,1
บริเวณ,1
ทริปฮ่องกง,1
Tolki,1
HK,1
เรท,1
united,1
exchange,1
พุทธภูมิ,1
ประเทศอินเดีย,1
ไทยแลนด์,1
กะลา,1
Broadway,1
shipping,1
โพสต์,1
Trekking,1
เยียวยา,1
กรีนลาย,1
หลบ,1
Winkl,1
Sh,1
nau,1
nigssee,1
มหาวิทยาลัยซุน,1
ยัดเซ็น,1
เมืองกวางโจว,1
Walt,1
Disney,1
Orlando,1
REVIEW,1
Highlight,1
ปาร์ค,1
สัมพันธ์,1
สมรส,1
๛Kansai Japan,1
Nov,1
กรุณา,1
จังหวัดเชียงราย,1
โทร,1
เเปลก,1
ก้อน,1
เมฆ,1
เดินเบา,1
ร่าง,1
แทบ,1
เบิร์น,1
ตังค์,1
แหก,1
กิโมโน,1
เกอิชา,1
คุ้ง,1
น้ำเจ้าพระยา,1
สนามพระเครื่อง,1
เน็ต,1
ซิมสิงคโปร์,1
เรียนอ่างทองปัทมโรจน์วิทยาคม,1
อินดี้,1
กลับกรุงเทพ,1
เทพๆ,1
เกาะรอก,1
มอไซเกียร์,1
ออโต้,1
ฮอนด้า,1
Backpacker,1
Portrait,1
เดี่ยวเที่ยว,1
ฮานอย เวียงจันทน์,1
portland,1
oregon,1
DIARY,1
ลับ,1
โมโกจู&,1
แผนที่,1
เฟซ,1
Geneva,1
บินแอร์เอเชีย,1
ซิดนีย์,1
กัวลา,1
Kansai International,1
Airport,1
Tennoji Station,1
งง,1
มากว่า,1
ทำไมมรถ,1
ดอนเมือง,1
เทอร์มินัล,1
TutorTon,1
ทริค,1
สบายใจ,1
ทิป,1
กันเนอะ,1
กอด,1
Store,1
ปอด,1
เทรคกิ้ง,1
ABC,1
สมุทรสงคราม,1
food,1
ทริป ฮ่องกง,1
Fujiten,1
รถไฟหัว,1
ลำโพง,1
แม่บ้าน,1
ชิมชาแม่สลอง,1
นมัสการ,1
พระธาตุดอยตุง,1
ฟาร์มเฟสฯ,1
สูด,1
ลึก,1
จังหวัดอุบลราชธานี,1
แพ้,1
Bento,1
Seafood,1
เซ็กซี่,1
เดอะว๊อยซ์,1
Work,1
เหนื่อย,1
มันส์,1
เศร้าจริง,1
border,1
ลังกาวี,1
หลักสูตร,1
NYIP,1
บริษัททัวร์,1
เริด,1
หิ่งห้อ,1
ยถาทัวร์,1
มัตสึโมโตะ,1
ประเทศจีน,1
ระดับ,1
ศึกษา,1
Bangalore,1
Snack,1
รสลาบ,1
เอเจนซี่,1
gj,1
Mumbai,1
Delhi,1
โรแมนติกเยอรมัน,1
ยืม,1
เชค,1
wedding,1
สังกะสี,1
โบสถ์,1
วิหาร,1
คลุม,1
มุ้งมิ้ง,1
สำอาง,1
บุ๊ค,1
เมืองแพร่,1
เสรีไทย,1
93,1
มาเก๊า,1
กพ.,1
ครีม,1
คะแนน,1
backlist,1
สิทธิ,1
ลาตินสวย,1
slow,1
life@,1
หวานใจ,1
ออสเตรเลีย,1
นิสัย,1
มะละกา,1
พักเชียงคาน,1
จังหวัดสระบุรี,1
อัพเดทตลาด,1
ปอเทือง,1
KOREA,1
Yangji Pine,1
Ski,1
Friends,1
KOH,1
KHAM,1
ONE,1
TRIP,1
พี่น้อง,1
พาตะลุย,1
เกาะขาม,1
เกาะสวรรค์,1
เอื้อม,1
เวบamazon,1
ยาม,1
MELAKA,1
Pics,1
Through,1
my,1
Hut,1
ปทุมธานี,1
ติดป้าย,1
ธง,1
รีสอร์ทภาค,1
สิ้นปี,1
กระ_รี่,1
แปะ,1
ลื่น,1
สเปรย์,1
ฉีด,1
อุณหภูมิ,1
GoPro,1
ฮิปเตอร์,1
จ่ะ,1
Mushroom,1
barbapapa,1
yumyums,1
น้ำใส,1
eyes,1
เวป,1
hakone,1
เจดีย์แดง,1
Chureito,1
Pogoda,1
วัดทอง,1
ตุ้กตา,1
Sydney,1
กันม๊ะ,1
ถนนสุด,1
เนี้ยบ,1
มาเลย์,1
กลับค่ำ,1
im,1
Chiemsee,1
kasukai,1
สถามบิน,1
centair,1
EVERYDAY,1
EVERYDAYS,1
DAYS,1
PRE,1
WEDDING,1
SHOOT,1
FROM,1
PAST,1
YEAR,1
SUPAWATTPIXS,1
พาส Kansai WIDE,1
Area,1
SHINKANSEN,1
NOZOMI,1
chubu,1
sim,1
back,1
internet,1
Netherlands,1
Austria,1
Switzerland,1
มี.ค.,1
ๆใช้,1
แอป,1
hyperdia,1
เซ็นทรัลเวิลด์,1
ศักดิ์สิทธิ์,1
กรุงเทพชั้น,1
กรุงเทพเมือง,1
ร้าง,1
BIGINNING,1
bangkok,1
city,1
Bring,1
memories,1
Prien,1
รึเปล่า,1
กะเจ้า,1
โครงการหลวงขุนวาง,1
วัดจันทร์,1
อ.กัลยา,1
เก๋ง,1
LAX,1
เสื้อ,1
ฟุตบอล,1
สโมสร,1
League,1
น้ำขวัญ,1
เรียม,1
๋JiJa Backpacker,1
ม่วน,1
ม่วนใจ,1
มจธ.,1
Coffee,1
Queenstwon,1
Doi,1
ควีน,1
ทาวส์,1
จังหวัดแพร่,1
โตเกียวเที่ยว,1
Touring,1
ขอบคุณคร๊าฟฟฟ,1
single,1
room,1
ตรม,1
Keisei,1
Skyliner,1
Round,1
Oktoberfest,1
เมืองมิวนิค,1
Hom,1
620,1
กิ่วฝิ่น,1
ขุนตาน,1
รหัส,1
ธีมปาร์ค,1
บานซากุระ โอซาก้า,1
เพื่อนบ้าง,1
โกเบ,1
ฮิเมจิ,1
shin,1
ทริป แว้นด์,1
ลอยฟ้า,1
1148,1
1092,1
อ. ปง,1
สวนจตุจักร,1
เดอะมอลล์,1
ร่างกาย,1
โอโซน,1
Atm,1
แบงค์กรุงเทพ,1
ดอยหน้า,1
ต้องการ,1
คาราโอเกะ,1
นวด,1
ตับ,1
สายคลอง รังสิตนครนายก,1
ศาลเจ้าแม่กวนอิมโบราณ,1
อ.พิชัย,1
ปากีสถาน,1
Karakoram,1
Highway,1
เอเย่นต์,1
พิจารณา,1
ปัจจัย,1
Handmade,1
Idea,1
ไทเป,1
ชุ่มปอด,1
หรู,1
Lala,1
Mukha,1
แหลมหินซี,1
ฟู้ด,1
แพครูวิทย์,1
อะครับ,1
อร่อยสุด,1
Italo,1
บ่าว,1
ไนน์ทรีโฮเทล,1
ทำเล,1
เริ่ด,1
แอร์พอร์ตบัส,1
เบาๆ,1
__,1
London,1
โดด,1
อักร่า@,1
เดลลี+,1
tax,1
วาโกะ,1
Tented,1
Harvard,1
ม่อนล่อง,1
เก้าสิบ,1
อิสตันบลู,1
บ้านชิราคา,1
ลดเสียง,1
Paypal,1
มรดก,1
สะบาย,1
เป้แบ็คแพ็ค,1
Bags,1
Bag,1
เพจ,1
เวียงจันทร์,1
trips,1
Byron,1
Nordlys,1
โปรราย,1
AT,1
Verizon,1
แผนที่ร้าน,1
Tsujiri,1
Honten,1
ชา,1
Gion,1
Kansai Multicolor,1
Chapter,1
รา,1
เมง,1
แช่ออนเซ็น,1
คุณกวาง,1
ชิวชิว,1
Troms,1
พบเจอ,1
requirement,1
Paris,1
สตูว์เนื้อ,1
ชายกาง,1
เป้เคาว์,1
ดาวท์,1
บ้านป่องนัก,1
เมืองลำปาง,1
เกาะสีชัง,1
กรุ๊ป,1
สำรอง,1
บรรจุ,1
Symphony,1
Wangnamkeaw,1
Tohoku,1
Golden,1
week,1
เวียตนาม,1
ฮาลอง,1
เบย์ถึง,1
ฮาลองบก,1
เดย์,1
อช.,1
แหลม,1
หญ้า,1
Los,1
Angeles,1
สถาน,1
พรีสสสส,1
วัง,1
แรมแถว,1
สาทร,1
ตรวจสอบ,1
first,1
drive#7,1
Oberammergau,1
สิ&,1
ถามใจ,1
เงา,1
auto,1
HNY,1
กาญ,1
มนุษย์เมน,1
เกาะล้าน,1
BLCU,1
Siam,1
parking,1
หมอ,1
ทอดน่อง,1
ท่อง,1
ชิราคา,1
โกะ,1
Rihee,1
Minshuku,1
updated,1
Asia,1
New South Wales,1
Hong,1
หลุย,1
รากอน,1
ช้อปไทย,1
รถราง,1
เมลเบิร์น,1
Rockies,1
Fairy,1
Tales,1
"Jasper,Lakelouis,Banff",1
เท่,1
Taiwan,1
Kaohsiung,1
Pingtung,1
เกาะติด,1
เกาะหวาย,1
PIGGYTHEJOURNEY,1
November,1
เอเชียกลาง,1
tokyo,1
บริษัท&quot;,1
วินทัวร์,1
หรอคะ,1
หั,1
ด ถ่,1
ใ น,1
ท ำ,1
า น,1
บ ไ ป หั,1
น้,1
ไ ม่,1
พาส,1
osaka-,1
sapporo,1
kawaguchiko,1
เกาะหมาก,1
ประหลาด,1
จังหวัดกาญจนบุรี,1
รักไป,1
Aso,1
boy,1
Fall,1
Minakami,1
หนึ่งใจ,1
บุญ,1
วัดสมานรัตนาราม,1
จังหวัดฉะเชิงเทรา,1
อกหัก,1
พาด,1
บ่า,1
อุทยานแห่งชาติหมู่เกาะสุรินทร์,1
กาดตองก้า,1
๊Update,1
ประเทศภูมิภาค,1
Mori,1
no,1
Wifi,1
ค้,1
ทีลอซู&quot,1
ดอยม่อนเงาะ,1
งาม,1
เงียบ,1
สงบ,1
สนามบินพิษณุโลก,1
ภู ทั,1
Samurai,1
เ บิ,1
เบิกตา,1
คว้า,1
หยอกหนาว,1
พราวนภาดิน,1
ตัดสินใจ,1
แม่ประนอม,1
สวนพฤกษศาสตร์,1
ถอย,1
ฝูง,1
บ้านไร่ริม,1
ธาร,1
Chicago,1
ชมทุ่งทาน,1
จีนแล,1
ซับเหล็ก,1
ลิง,1
Komaba,1
พระปรางค์,1
เริ่มต้น,1
ปู,1
ซาน,1
ทางการ,1
วัวแดง,1
เมืองพญาตองซู,1
กก,1
ฉานเสตต,1
ไท,1
เมืองยอง,1
มมมม,1
Sushi,1
&amp; Kanesaka,1
SushiDai,1
ล่าง,1
ไฟลท์น้อย,1
โปรโมต,1
วลาดิวอสต๊อก,1
นานาชาติเขาค้อ,1
หอสมุด,1
Building,1
Trendy,1
วิทยาเขต,1
Tokyo University,1
ครอง,1
สุกี้เซี่ยงไฮ้,1
ฮัทโฮมรีสอร์ท,1
เลวร้าย,1
เบลเยี่ยม,1
เนเธอร์แลนด์,1
อะคะ,1
เมืองกาญฯ,1
สุกี้,1
East Java&quot,1
ซีเฟล์ด,1
เอ้า,1
ชะเมา,1
นางเเบบ,1
เเสงเเละเงา,1
Kantary Hills,1
แหลมใหญ่,1
MRTลาดพร้าว,1
แก้,1
Day1,1
แก้บน,1
tank,1
think,1
mba,1
มั้ืย,1
จตุจักร,1
ออนเซน,1
SEOUL IN MY MIND,1
Sciences,1
Applied,1
Waal University of,1
Rhine,1
เทรสเชอร์+,1
วีซ่าอังกฤษ,1
วีซ่าเยอรมัน,1
เสียที,1
Family,1
Hill,1
Khao,1
Yai,1
Base,1
ผี,1
อำซะ,1
Vacation,1
เด็ดขาด,1
กัวลาลัมเปอร์,1
Hanoi,1
True,1
Relaxing,1
24,1
อุปกรณ์,1
Civilai,1
Villas,1
Pool,1
Private,1
จัดทริป,1
ย่อ,1
ริเวอร์ไซด์,1
สามพราน,1
เงินตรา,1
-กาญฯ,1
100,1
classic,1
Breakfast,1
Sathorn,1
Sud,1
Myth,1
นน,1
ใหน,1
แปรง,1
สีฟัน,1
สงบสุข,1
ขยะ,1
แวดล้อม,1
สำนึก,1
จิต,1
ปลูกฝัง,1
สุพรรณบุรี,1
คลองสาน,1
ฮิป,1
ตลาดสุด,1
MARKET,1
THE KNACK,1
ติ๊ก เจษฎาภรณ์ ผล,1
ลูกผู้,1
จ.กระบี่,1
เกาะจำเปี่ยม,1
Mt.,1
Jum,1
Koh,1
Lumphun,1
เชี่ยวหลาน,1
แนะนํา,1
เจียเจี้ย,1
จาง,1
เฟิ่งหวง,1
ซา&,1
ฉาง,1
สตั้นแมน,1
ฟูจิซัง,1
New Zealand,1
Taranaki,1
Modern,1
นิมมาน,1
วิวทะเล,1
เยาว์,1
ตะลุยกาญนะ,1
นาริตะ,1
terminal,1
khaosan,1
asakusa,1
hostel,1
=&gt,1
Prep,1
ตาย,1
เวียนนา,1
ขุนตาล,1
ลำพูน,1
พฤกษศาสตร์ฯ,1
มั่ว,1
family,1
peanuts,1
City,1
payon,1
check,1
IBIS,1
มันร้าวราน,1
อินคันไซ,1
Honeymoon,1
ภูมาตา&,1
สัญญา,1
เมืองกรุง,1
ดนตรี,1
ดอยอ่างขาง,1
Illumination,1
Sensoji,1
NO.,1
ถ่ายไฟ,1
ราชดำเนิน,1
O&lt,1
Iron,1
Drop,1
Baggage,1
หงุดหงิด,1
เสียมราฐ,1
Photography,1
iPhone,1
For,1
Case,1
Moment,1
ยาวววว,1
วีซ่าสเปน,1
นึก,1
Table,1
Chef,1
เด็ดทอง,1
นี,1
Plan,1
Jin,1
สายการบิน,1
เปรียบเทียบ,1
กม.,1
150,1
140,1
กรีนการ์ด,1
เมกา,1
สถานะ,1
Dracula,1
Land,1
Romania,1
student,1
ANTARCTICA,1
ขั้ว,1
สะพานหิน,1
บท,1
กิจกรรม,1
shinchon,1
guesthouse,1
เติม,1
Singtel,1
Hanoi-Sapa,1
Vietnam,1
33,1
เมืองกาญจน์,1
Pullman Khao,1
Lak Katiliya,1
Spa,1
oO,1
อุทยานแห่งชาติเขาสาม,1
พฤหัส,1
บ้านกกกอด,1
น้ำตกเอราวัณ,1
อินน์,1
นอลโปรเจ็ค,1
LA,1
มีนาคม,1
coupon,1
complimentary,1
-พัทยาใต้,1
Georgia,1
เรียกร้อง,1
บินดีเลย์,1
19,1
นิมิตร,1
เดี่ยวเชียงใหม่,1
จ.ภูเก็ต,1
ถ้ำแก้ว,1
ไทร,1
ถ้ำพระยานคร,1
โอเค,1
Alone,1
ดาวเ เชียงดาว,1
อู่ตะเภา,1
อนุเสาวรีย์,1
ฝั่งพระนคร,1
แม่น้ำเจ้าพระยา,1
เก่าแก่,1
ชุมชน,1
เที่ยวกรุงเทพ,1
งี้,1
อ่าว,1
เมืองสาม,1
กระจก,1
น้องหมา,1
M1,1
ค้าง,1
Osaka Kobe,1
Nonstop,1
สวิซเซอร์แลนด์,1
มหาภัย,1
รถแดง,1
ถ้ำเชียงดาว,1
II,1
Pa,1
Sa,1
Indy,1
รับไอหมอก,1
พัทลุง&,1
เถื่อน,1
หาดสามพระยา oO,1
ชีพ,1
990,1
สิ่งอัน,1
-เชียงใหม่,1
อ.สังขละ,1
จ.กาญจนบุรี,1
กระทู้ภาพ,1
นงนุช,1
อุทยานแห่งชาติเขาสามร้อย,1
สุโขทัย,1
พักขุนช่างเคี่ยน,1
มหิดล,1
วัดสามง่าม,1
อ.ดอนตูม,1
###ถาม,1
king,1
power,1
กองม่องทะ,1
ฟาด,1
ใหญ่นเรศวร,1
Suvarnabhumi,1
Wisdom,1
พักผ่อน,1
Tourist,1
-Hokuriku,1
Takayama,1
Mini Review,1
จ.อุบล,1
ที่นั่ง,1
เดี๋ยว,1
K2,1
เดลลี,1
VIA,1
ตปท.,1
duty,1
ด่วนรัชดาภิเษก,1
ฮานอย,1
ซ่อมบำรุง,1
มุมมอง,1
อุ่น,1
อ่าวประจวบราคา,1
พระจันทร์,1
///////////////////////เงิน,1
ช่าง,1
อากาศยาน///////////////////----,1
พระราม 6,1
สวด,1
Camp Meating,1
ปาร์ตี้,1
บาบีคิว,1
สุดชิค,1
North  Khushu,1
สตรีท,1
วอคกิ้ง,1
สวนลุมไนท์บาซาร์,1
ลุมพินีสแควร์,1
รังสิต,1
คันไซ,1
ครู,1
ชั่วครู่,1
พยาบาล,1
ฝึกอบรม,1
แสบ,1
อมก๋อย,1
KonceptHormones,1
สตอง,1
กทม-โคราช,1
พระราม 3,1
ธนาคารกรุงเทพ,1
เมืองไทย,1
roaming,1
WiFi,1
เรียด,1
ล้างมือ,1
ก๊อก,1
ไปชิล,1
เรือน,1
ละคร,1
พี,1
รีทรีต,1
Free,1
Ayutthaya,1
Retreat,1
เอเวอร์แลนด์,1
ล็อตเต้เวิร์ล,1
Chuo,1
Oasis,1
ห้องน้ำ,1
โป๊,1
สวนลุมไนท์บาซาร์ รัชดา,1
Night,1
Street,1
ชิม,1
Camel,1
-CM,1
-MHS,1
PAI,1
ย่ำต๊อก@ปาย,1
สุไหงโก-ลก,1
party,1
Barbecue,1
ดินเนอร์ไฉไล,1
ChiangMai,1
Meating,1
Nissei,1
กิโล,1
สัตหีบ,1
Brown,1
ธรรมเนียม,1
48,1
asia,1
1500,1
พักเชียงราย,1
คุณภาพ,1
Air Macau,1
Airlines,1
Philippines,1
เมืองแกน,1
คลองลัดมะยม,1
Friend,1
Cony,1
กระต่าย,1
พี่หมี,1
สันหนอก,1
2gether,1
ศรีปากประ พัทลุง,1
ท้า,1
สเก็ต,1
ไอซ์,1
มื่,1
มิตรภาพ,1
หมูยูนาน,1
Charles&amp;Keith,1
สุพรรณ,1
สำโรง,1
Christmas Dinner,1
อุทยานแห่งชาติเขาแหล,1
วัว,1
Hakata,1
MOJIKO,1
Beppu,1
ห้า,1
เจียงใหม่,1
Scenical,1
Norwegian,1
airlines,1
สะพานแขวน,1
วัดพัง,1
นกเค้า,1
โอ้ปป้า,1
สังเวย,1
ข่าย,1
san,1
pita,1
หลีเป๊ะไหม,1
แอร์พอร์ท เรสซิเดนท์ เชียงใหม่,1
ค้ำยัน,1
ไม้เท้า,1
อ่อน,1
เฝือก,1
นครศรี,1
ขับมอร์ไซค์,1
แตกละเอียด,1
Lion,1
Thai,1
ชมลานสกี,1
สกี,1
yuzawa,1
Days,1
; Hong,1
Macau,1
on,1
Walk,1
พักใกล้,1
กาล,1
Suica,1
อุทยานแห่งชาติแก่งกระจาน,1
"ซาปา,",1
เวียดนามกัน,1
พักใจ,1
คีรีวง,1
ปากช่อง,1
ทะลุ,1
ผ่าเขา,1
นายก,1
นคร,1
วิ่ง,1
มา&,1
900,1
ละอู,1
ตกป่า,1
dusseldorf,1
กรุงโซล,1
อาศัย,1
คำนวน,1
กะ,1
โกเตียว,1
ชิซูโอกะ,1
246,1
ตชด.,1
กอง,1
กางเต๊นท์,1
เวียงเเหง,1
ไชยปราการ,1
ปาดังเบซาร์,1
สายหาดใหญ่,1
จืด,1
แอ่วเมือง,1
แสงสี,1
พืชผัก,1
of Queensland,1
คาร์โก้,1
ภูเขา,1
แหวก,1
Hee,1
Brisbane,1
University,1
สวนจรินทร์,1
ทริปกิน,1
ติดใจ,1
ขับขี่,1
ทฤษฏี,1
ชิมมาเม้าท์,1
ยะลา,1
นานา,1
โลจิสติก,1
สมัคร,1
ปัง,1
แปลกใหม่,1
คาเฟ่,1
ขัว,1
รีวิวร้าน,1
ตาก,1
ทิฟฟานี่,1
asos,1
เว็บ,1
สั่ง,1
สัน,1
จิมทอมป์,1
ทาน,1
คอสมอส,1
ฟักทอง,1
ล้วนน่า,1
พหลโยธิน,1
ประตู,1
park,1
อนุเสาวรีย์ชัยสมรภูมิ,1
อุบลราชธานี,1
กระโดง,1
", Kyushu",1
Nagasaki,1
Unzen,1
Mount,1
EP,1
บอลลูน,1
มอสโคว,1
ตกปลา,1
40,1
21,1
บริษัท ภูเก็ต,1
phoenix,1
สำนักงานเขตพระโขนง,1
นครศรีธรรมราช,1
ทุ่งใหญ่,1
มหาวิทยาลัยราชมงคลศรีวิชัย,1
ครูโยคะ,1
อันดับ,1
รอง,1
แผ่น,1
แก๊งค์,1
อ.คอนสวรรค์,1
รีบ,1
ขวบ,1
ลูกน้อย,1
แบคแพค&,1
ศิลป์,1
AirAsia,1
สวนนาคราภิรมย์,1
พระเกียรติ,1
หมี่,1
ชายขา,1
เจ็บ,1
Cathay,1
เมืองพิษณุโลก,1
จ่าทวี,1
บะ,1
โบราณ,1
ลาก,1
ก๋วยเตี๋ยว,1
รัฐมนตรี,1
DanBo,1
แว๊น,1
กาญจน์,1
สุดท้าย,1
แบรด พิตต์,1
ควงสามี,1
แองเจลินา โจลี,1
คำนึง,1
เจเจกรีน จตุจักร,1
รัชดา,1
นัดรถไฟ,1
passport,1
Nudie,1
ประโยชน์,1
กา,1
ตั้งกติ,1
บ๊ายบาย,1
Day2,1
แก้บ,1
สุข,1
ค้าา,1
กำปอง,1
แตะ,1
ถนนราชดำเนิน,1
Guide,1
ล้ะ,1
เกาหลีหน่อย,1
cool,1
so,1
good,1
โลด,1
Book,1
ไอโฟน,1
โบก,1
Truelove,1
; Neverland,1
Siberians,1
คา,1
เฟ่น้องหมา,1
อเมริกัน,1
บ้านป่าป่าน,1
ของขวัญ,1
ปากน้ำ,1
กะเจ้า-พระสมุทรเจดีย์,1
สาธุประดิษฐ์-พระประแดง,1
กรุงเทพ 360,1
ชวนตระเวน,1
ira,1
robs,1
ดาลัท,1
งูเหลา,1
ฟาร์ม,1
ซีบู,1
มะนิลา,1
ฟิลิปปินส์,1
โอนะ,1
ฮอลิเดย์,1
ซอติก,1
เอ็กซ์,1
Bohol,1
ก้าว,1
เพลิน,1
หาดราไวย์,1
ประมง,1
ภูเทือก,1
จ.เลย,1
Chungking,1
สิงคโปร,1
Mansions,1
รู้สึก,1
ปล้น,1
สกุล,1
วอน,1
ธนาคารไทยพาณิชย์ สาขาสุวรรณภูมิ,1
ตปท,1
สำหรับสือสาร,1
ประโยค,1
เก่ง,1
บัลการีย,1
79,1
จมูก,1
พ่น,1
amazon,1
มีลิงค์,1
ดำ,1
เล่ม,1
Cambridge,1
Email,1
Agent,1
นครสวรรค์,1
เลี่ยง,1
+*+,1
บ้านเย็นใจ,1
ตกไทรโยค,1
เดินดู,1
เลค เทคาโป,1
ดอกลูพิน ณ,1
Tekapo,1
Lupins,1
Flowering,1
210,1
SEL,1
5100,1
SONY,1
หัด,1
village,1
Ihwa mural,1
Naksan park,1
art,1
Art,1
ตกเอราวัณ,1
#ถนนร้อยหลุม,1
#หนทาง,1
แลบ,1
แม่สะเรียง,1
Station,1
Kagoshima Chuo,1
Kagoshima Airport,1
ชน,1
มวล,1
โฆษะ,1
ธานี,1
เจริญ,1
ลำดับ,1
ศึก,1
น่ารัก,1
เกาะกูด,1
สุดประหยัด,1
อุทยานแห่งชาติภูหินร่องกล้า,1
บางพระ,1
ป่วน,1
สลด,1
เนิบ,1
แน่น,1
โทรศัพท์,1
Amadius,1
fonta,1
คุณช่วย,1
เยี่ยมชม,1
ทริบหฤโหด,1
ดอยช้างมูบ,1
ไร่สตอเบอร์รี่,1
ชัน,1
TestJP,1
#Hello,1
เที่ยง,1
กงสุล,1
ทะเบียน,1
แปล,1
Tennessee,1
dollywood,1
travel,1
work,1
โร่,1
เอ็นดู,1
รีสอร์ท เชียงราย,1
Gregory,1
vs,1
Osprey,1
ATM กรุงไทย,1
Kobe,1
JW Japanese,1
Sunday Brunch,1
จังหวัดเชียงใหม่,1
ว่าง,1
Bluemoon,1
ทริปด่วน,1
มิถุนายน,1
น้ำตาตกใน,1
ฮา,1
โหด,1
ทีวี,1
ถอด,1
ถ่ายทอด,1
โปรแกรม,1
-+++,1
งอบ,1
นิดนึง,1
อำเภอแม่แตง,1
ลิ้ม,1
เมืองแกนฯ,1
ตะวันออก,1
วงแหวน,1
ถนนกาญจนาภิเษก,1
ถนนเกษตรนวมินทร์,1
เทียบเท่า,1
ซิ่น ลงทุ่ง,1
จ.น่าน,1
ตระกูล,1
California,1
วงกลมเชียงใหม่,1
Theatre,1
Kabuki Japanese,1
บุฟเฟ่ต์,1
ios,1
android,1
พรีเวดดิ้ง,1
จิง&,1
เวดดิ้งแทน,1
Wedding,1
ชอบ,1
hard,1
soft,1
เป่ย,1
สุนัข,1
HIV,1
กรอก,1
160,1
จ.ตาก อ.แม่สอด,1
หลวง,1
ระห่ำถิ่นหอย&,1
กีฬา,1
มูน,1
ทริปฮันนี,1
ลุยเกาหลี,1
Matsumoto,1
Sendai,1
เว็ป,1
search,1
app Traveloka,1
เลื่อน,1
Korean,1
Yamakun,1
จุฬาลงกรณ์มหาวิทยาลัย&quot,1
มหาวิทยาลัย,1
อวด,1
เพี้ยน,1
แข่ง,1
ย้อนยุค,1
สะท้าน,1
เสียว,1
wake,1
ตากล้อง,1
เชื้อ,1
โล,1
น้ำหนัก,1
เเถม,1
ยืน,1
มจธ.บางมด,1
ดอน,1
เต็มใจ,1
RMF,1
LTF,1
กท. ไป,1
80,1
สลัด,1
แย่ง,1
บั้ม,1
board,1
อั้ล,1
เพชรบุรี,1
สปอนเซอร์,1
โฮจิมิน,1
มุยเน่,1
ดาลัด,1
เวียดนามใต้,1
สมบัน,1
สมบุก,1
Square,1
rider,1
Flow,1
คลื่น,1
โต้,1
................,1
ทีค,1
ราชวงศ์,1
สิงค์โปร์,1
แกรนแคนยอน,1
วัดตะเคียน,1
Peak,1
Tram,1
Budapest,1
cruise,1
SEA,1
โคก,1
LIFE,1
Siam Paragon,1
สิปปะ,1
ฮอทสปริง,1
Centara,1
ก.พ.,1
ซูตองเป,1
บ้านรักไทย,1
backpacks,1
couple,1
CAPPADOCIA,1
all,1
AIRBNB,1
ลูกทาน,1
foods,1
finger,1
เบื่อ,1
เซียนเกาหลี,1
จังหวัดที่,1
อุทยาน,1
148,1
จังหวัด พิชิต,1
Wave110,1
ทะเลบัวแดง,1
สดใส,1
ทริปส่งท้าย,1
ป้า,1
First,1
Hongkong,1
Away,1
Break,1
Hunt,1
Escape,1
Point,1
Food,1
Magic,1
พาไป,1
ป่าแม่แจ่ม,1
เมกาบาง,1
เฉลิมฉลอง,1
น้าอา,1
Jeonju,1
Fujian,1
Korea,1
Miyake,1
Issey,1
กูเกิ้ลแมพ,1
ดูแพลตฟอร์ม,1
ดูด,1
ขบวน,1
Island,1
Phee,1
Nyaung,1
เกาะนาวโอพี,1
ล่ม,1
ภูสอย,1
35mm,1
ล่าฝัน,1
เชอรี่,1
ช้อป,1
ชะงัก,1
ไวท์ออร์คิด,1
ปาก,1
แพ,1
ข้ามฟาก,1
บิน&quot,1
สร้าง,1
ประเภท,1
เกลียด,1
ไหนดี,1
ถู้,1
พุทธ,1
BTS,1
ย้าย,1
บีช,1
ออสเตเลีย,1
เมา,1
คดี,1
เลี้ยง,1
เปคู,1
ซัมเมอร์สิงคโปร์,1
งกง,1
ฮ่อ,1
ค้า,1
.........,1
ล็อค,1
ล่วงหน้า,1
ตั้งใจ,1
พรรษา,1
88,1
พระบาทสมเด็จพระเจ้าอยู่หัว,1
พระชนมพรรษา,1
รีสอร์ท แอนด์ สปา วิลล่า,1
จ.สุราษฎร์ธานี,1
Suite,1
1800,1
โรค,1
เขมร,1
THB,1
65000,1
FUKUOKA,1
walkway,1
canopy,1
@เชียงดาว,1
jacuzzi,1
กระทุ่มแบน,1
สถนัข,1
เอ่ย,1
จ.อุบลราชธานี,1
น้ำตกห้วยหลวง,1
1200,1
At,1
จ.ชุมพร,1
พักโซน,1
ปริญญา,1
มหาวิทยาลัยขอนแก่น,1
ไอเดีย,1
@KKU,1
idea,1
Photo,1
Group,1
อัพเดท,1
Booking,1
Lion Air,1
อุทาหรณ์,1
Pingnakorn Nimmanhaemin,1
แบ็คแพคฮ่องกง,1
อีสาน,1
ท่าน้ำ,1
แพท สเตเดี้ยม,1
Rookie,1
Camera,1
ลาแล้ว,1
ดุสิต,1
ลิขิต,1
ดอยหลวง,1
ท่าเรือ เอฟซี,1
ปล่อยใจ,1
Chiangmai&quot,1
นอนดอย,1
Coin,1
Locker,1
Nippori,1
อนุสาวรีย์ชัย,1
พรอตเทรต,1
อลาบัม,1
Chiang Khan,1
Airways,1
British,1
สัมภาระ,1
โหลด,1
ซัปโปโร,1
เยาราชมี,1
metro,1
shinjuku,1
รถไฟjr,1
คุ้มมั๊ย,1
ล่าม,1
backpack,1
ปค.,1
หลักร้อย,1
ถนนพระอาทิตย์,1
เมย์,1
ออสเตเรียมั่ง,1
Festival,1
ฟิวเจอร์,1
จ.สระบุรี,1
อ.วิหารแดง,1
พระราชดำริ,1
บ้านร่มเกล้า,1
สวนพฤกษ์,1
D S,1
......,1
Jakarta,1
#จากาต้า,1
อเมริา,1
ท้อ,1
Zurich,1
Gift Garden&quot,1
Botanic,1
สพาย,1
Canopy Walkway,1
cider,1
magner,1
จำหน่าย,1
โจว,1
โจวตงจ้าน,1
โมโกจู,1
Scoot,1
ช่วยเหลือ,1
ดูแล,1
ติดตาม,1
สงขลา,1
พา&,1
ซืน,1
โคตร,1
เนื้อ,1
กาจบุรี,1
เจ้าหูเขียว,1
มาเยือน,1
วงกลม,1
ซีด,1
นก,1
นายกิ๊กก๊อก,1
เศร้า,1
ซิ่ว,1
ทริปโง่,1
กรุงเทพตอน,1
University of,1
Kent,1
โฮ่ะ,1
วัดทักซัง,1
ประเทศภูฏาน,1
พิการ,1
; New Delhi,1
Dharamsala,1
กำแพง,1
วัฒนะ,1
ราชการ,1
ศูนย์,1
พระนั่งเกล้า,1
ท่าอิฐ,1
Ms,1
วีซ่าschengen,1
คลองถม,1
วรจักร,1
ctw,1
ทวีป,1
เที่ยวตรุกี,1
สีแดง,1
สำเร็จ,1
ภารกิจ,1
ตระเวรหา,1
YOONA,1
เทอม,1
หมีปั่น,1
ทีม,1
น้ำหนาว,1
ทุ่งแสลงหลวง,1
IES,1
National,1
Yellowstone,1
&amp; TRAVEL,1
WORK,1
หลับ,1
Tax,1
เยอะมว้ากก,1
แจก,1
SNSD,1
ปั้น,1
PIC,1
Eatery,1
Farmers,1
Chiangmai,1
ยนต์,1
รอ,1
เมืองกวางมาเฟีย,1
Nara,1
USB,1
ขยาย,1
ปลั๊ก,1
อาการ,1
CTW,1
นิทรรศการ,1
MATSUMOTO),1
