Word,Count
CR,77
เที่ยว,44
ไหม,29
ปี,25
รถ,23
คน,20
คืน,19
ดี,19
แนะนำ,18
ญี่ปุ่น,18
สอบถาม,17
ตอน,15
เดินทาง,13
ตัว,12
ทะเล,11
ร้าน,11
ทริป,11
ซื้อ,11
พัก,11
ชวน,10
ถาม,10
เมือง,10
กิน,9
หา,9
อาหาร,9
เงิน,9
งาน,9
เครื่อง,9
รีวิว,8
ไทย,8
รูป,8
ดู,8
รบกวน,8
ทำ,8
เส้นทาง,7
เดิน,7
ถ่าย,7
กล้อง,7
ชีวิต,7
จอง,7
ค้อ,6
เพื่อน,6
2015,6
เดือน,6
แฟน,6
10,6
ราคา,6
ทัวร์,6
เรียน,6
ค่า,6
น้ำ,6
เกาะ,6
ตู้,5
เรื่อง,5
ภาษา,5
amp,5
งบ,5
บาท,5
ผม,5
อเมริกา,5
นั่ง,5
เชียงใหม่,5
รัก,5
ทราบ,5
กระทู้,5
2016,5
รู้,5
Hotel,5
ประเทศ,5
ชม,5
&quot,5
บิน,5
Countdown,5
2559,5
รถไฟ,5
หนาว,5
เกาหลี,4
of,4
หัวหิน,4
ภาพ,4
ฮ่องกง,4
..,4
แถว,4
สวิส,4
พระ,4
16,4
จีน,4
ภูกระดึง,4
เช้า,4
แรม,4
ไหว้,4
โรง,4
สวย,4
คัน,4
สำหรับ,4
ดาวน์,4
เค้า,4
สถานี,4
พม่า,4
หนี,4
ใบ,4
โตเกียว,4
เล่น,4
สอง,4
วีซ่า,4
กทม.,4
อังกฤษ,4
The,4
ชาย,3
ลาว,3
ตะวัน,3
ภูทับเบิก,3
ช็อป,3
แม่ฮ่องสอน,3
Seoul,3
ขับ,3
ชาติ,3
มกราคม,3
เลือก,3
ตก,3
trip,3
30,3
ชะอำ,3
ส่งท้าย,3
2558,3
SR,3
บรรยากาศ,3
หาด,3
เลนส์,3
แดง,3
in,3
สาว,3
วิว,3
พลุ,3
สาย,3
เจอ,3
เย็น,3
JR,3
โมง,3
Pass,3
Review,3
ความทรงจำ,3
ร้อน,3
กลาง,3
บ้าน,3
รู้จัก,3
Lake,3
ภาษี,3
ออสเตรีย,3
อายุ,3
Trip,3
ขาย,3
ตะลุย,3
Kawaguchiko,3
สวัสดี,3
ขี่,3
ธรรมชาติ,3
แหล่ง,3
review,3
น่าน,3
ด่วน,3
ลูก,3
กี่,3
26,3
quot;,3
หน้า,3
อุตรดิตถ์,3
เยอรมัน,3
JAN,3
15,3
DEC,3
โอซาก้า,3
ภูเก็ต,3
TRIP@RUSSIA,3
ALONE,3
แม่,3
ไฟ,3
ไม้,3
เรือ,3
๑๑๑๑๑,3
เวลา,3
ฝ่า,3
ดิน,3
ติด,3
รุ่น,2
แชร์,2
ไร้,2
ครอบครัว,2
แกะ,2
++,2
ดิจิตอล,2
Singapore,2
บัตร,2
กวาง,2
แม่กำปอง,2
ประกัน,2
500,2
เคาท์,2
กด,2
สถานที่,2
ประหยัด,2
ดอยม่อน,2
Backpack,2
ลดหย่อน,2
กระเป๋า,2
สะกด,2
ขาว,2
ใส่,2
จ่าย,2
17,2
resort,2
จังหวัด,2
59,2
ตลาด,2
ลาดพร้าว,2
กินกะเที่ยว,2
โทน,2
ลุงอ้วน,2
ศัพท์,2
คับ,2
แวะ,2
แบก,2
ยา,2
แรง,2
ฝัน,2
วังเวียง,2
แอพ,2
เชียงของ,2
Thailand,2
พระธาตุดอยคำ,2
life,2
อินโดนีเซีย,2
กาญจนบุรี,2
เซียน,2
....,2
ร้อง,2
สอน,2
พลาด,2
ดาว,2
โครงการ,2
day,2
view,2
ประจำ,2
พิษณุโลก,2
สนามบินเชียงใหม่,2
เบา,2
ครึ่ง,2
Repulse,2
Bay,2
มอไซ,2
ข้าว,2
เอกสาร,2
ดื่ม,2
รัฐ,2
สนิท,2
case,2
แสน,2
ระบบ,2
ดอยตุง,2
ชิว,2
Cafe,2
จบ,2
เปล่า,2
นา,2
แนว,2
สไตล์,2
แพง,2
โดยสาร,2
ขุน,2
สี,2
มอไซค์,2
เตรียม,2
อิตาลี,2
สวิตเซอร์แลนด์,2
ตั๋ว,2
booking,2
เอเชีย,2
ลอง,2
ดอยแม่สลอง,2
ถุง,2
ลม,2
ดอยหลวงเชียงดาว,2
แช่,2
นอน,2
street,2
Farm,2
เก่า,2
อลังการ,2
ท่องเที่ยว,2
ท้าย,2
Bangkok,2
ต้น,2
วัดอรุณ,2
ลาน,2
ประเทศญี่ปุ่น,2
คนเมือง,2
รอบ,2
โลก,2
หาดใหญ่,2
ธรรมดา,2
สวนผึ้ง,2
ล้าน,2
America,2
เนิน,2
สวรรค์,2
ม่อน,2
ช้าง,2
55,2
New,2
แจ่ม,2
เยือน,2
ขนส่ง,2
โดน,2
ตุลาคม,2
กาก,2
เกี่ยว,2
MOSCOW..,2
ประสบการณ์,2
ลำบาก,2
days,2
ปางอุ๋ง,2
เล่ง,2
แลก,2
โรมาเนีย,2
Ueno,2
หัวใจ,2
วิธี,2
วัด,2
ตัวเมือง,2
ป่าว,2
ไลน์,1
you,1
เฟสบุ๊ค,1
เซ็น,1
Nikko,1
Kyoto,1
เมืองโคราช,1
Arigato,1
เม.ย.,1
พร,1
Happy,1
motosu,1
journey,1
!!,1
My Landscape,1
ป่ะ,1
เทียบ,1
KORAT,1
โปรยทรัพย์,1
OLOS,1
Year,1
Shopping,1
ออน,1
บุก,1
Wifi Pocket,1
มหาวิทยาลัยแห่งชาติ,1
มหกรรม,1
JAPAN,1
Highway,1
Tokyo,1
เฮ้ยแก,1
Passport,1
love,1
มือ,1
Kansai,1
Google,1
หวัง,1
มาหา,1
ไฟฟรี,1
ภูลังกา พะเยา,1
ไทยสมายล์&quot,1
สนามบินคันไซ,1
เคี้ยว,1
Central,1
World,1
สวน,1
ผึ้ง,1
สูบ,1
ทับทิม,1
อาทิตย์,1
Slow,1
เสาร์,1
wi,1
ทริป &,1
fi,1
ใกล้ชิด,1
Mon,1
translate,1
clip,1
ประมวล,1
เอ่อ,1
ติดต่อ,1
Honda,1
NC750,1
วัชรพล,1
กุ้ง,1
ชูชก,1
เอเย่นต์,1
ท้องถิ่น,1
เด้อจร้า,1
รากฐาน,1
TT,1
อุบล,1
ดอนเมืองไป,1
Graden,1
ทีที,1
การ์เด้น,1
อันตราย,1
พุทธศักราช,1
๒๕๕๙,1
osaka,1
japan,1
นิวยอร์ก,1
Karakoram,1
จังหวัดกระบี่,1
ช็อคโกแลตวองก้า,1
IWC,1
ห้าม,1
wonka,1
นาฬิกา,1
Yoshitake Sushi Michelin,1
starred,1
คุ้ม,1
ขวด,1
แก้ว,1
น้ำพริก,1
มาเล,1
Tower,1
เซ,1
กุญแจ,1
คู่,1
คล้อง,1
ville,1
Sado,1
island,1
เกาะงาม,1
Mirrorless,1
นิอิกาต๊ะ,1
Cityscape,1
Chocolate,1
ตอบ,1
จังหวัดสุโขทัย,1
ไม่รู้,1
ชง,1
สักการะ,1
เน่ยยี่&,1
71,1
นาคนิวาส,1
ระยอง,1
43,1
มอเตอร์ไซด์,1
ปากีสถาน,1
บุฟเฟต์,1
สระ,1
ว่าย,1
600,1
ฉะเชิงเทรา,1
800,1
อุ้มผาง,1
Toyoko,1
Inn,1
APA,1
อำเภอ,1
Super,1
รร,1
อำเภอทองผาภูมิ,1
Niigata,1
กาแฟ,1
เกาะปอดะ,1
เกาหลีใต้,1
พาสุนัข,1
ชม.,1
ประจวบ,1
สุขภาพ,1
อุบัติเหตุ,1
น้อง,1
นวด,1
ออฟฟิศ,1
ฟิล์ม,1
VS,1
พุฒตาลทัวร์,1
ขำ,1
South,1
คาราโอเกะ,1
Colombia,1
รองเท้า,1
อะ,1
อ่าวผี,1
kasukai,1
หลอก,1
โคลอมเบีย,1
หนู,1
จ้าง,1
ตรวจ,1
สวนน้ำ,1
Outlet,1
Cartoon Network,1
prada/gucci/marc,1
jacob,1
brandname,1
เดิม,1
เหนือ,1
ความหลง,1
รส,1
โคราชรีสอร์ท,1
ริม,1
ชะโงก,1
ขาลาก,1
อ.พิชัย,1
ครัว,1
ศาลเจ้าแม่กวนอิมโบราณ,1
แต่งงาน,1
ขอบคุณ,1
ได,1
โมร็อค,1
โค,1
Amazone,1
korea,1
สายคลอง รังสิตนครนายก,1
ตับ,1
เกาะชาโด๊ะ,1
แปลเมนู,1
===,1
ห้วยน้ำดัง,1
หลวงพระบาง,1
One,1
จ.เชียงใหม่,1
เทื่ยว,1
ศาล,1
หลักเมือง,1
อุดรธานี,1
Couple,1
Wanderer,1
เป้ท่อง,1
ปาย,1
Wollongong,1
ฟรี ยุโรป,1
บ้านจ่าโบ่,1
ขุนแปะ,1
อนุ,1
บันได,1
ป.ตรี,1
น้ำใจ,1
ล้นเหลือ,1
อินเดีย,1
20000,1
สกลนคร,1
โคราช,1
fuji,1
xt,1
ไบคาล,1
กิ่ง,1
ปัก,1
Trans Siberia,1
Australia,1
วุ่นวาย,1
ดอย,1
คิวชู,1
Scenery,1
Vintage,1
กรุง,1
ปอก,1
Tennoji,1
Haruka,1
จังหวัดตราด,1
เกาะช้าง,1
ขาม,1
เกาะรัง,1
By,1
ประเทศไทย,1
ZIPStation,1
นิด้า,1
โรงเเรม,1
รอคอย,1
Fragrance,1
hotel,1
pearl,1
เสาวรีย์,1
กรุงเทพมหานคร,1
กอล์ฟ,1
ขนส่งหมอชิต,1
bts,1
หว้า,1
000,1
นัด,1
ฯ..,1
งดงาม,1
สมการ,1
18,1
มะริด,1
ประเทศเมียนมาร์,1
มอไซต์,1
222,1
533,1
นนทบุรี,1
ลองโทสต์,1
Sky,1
ลาวา,1
CODE,1
Jas,1
รามอินทรา,1
ระบาย,1
ดาดฟ้า,1
ชั้น,1
วิน,1
Milan,1
Lugano,1
สะดวก,1
โก่ง,1
กิ่วแม่ปาน,1
ทริปเฉิง,1
ลำพู,1
ตู,1
เล่อซาน,1
แพนด้า,1
อุทยานสวรรค์,1
จิ่วไจ้โกว,1
Chengdu,1
Leshan Jiuzhaigou,1
สาร,1
China,1
ออนไลน์,1
036,1
พิเศษ,1
ห้อง,1
โปรโมชั่น,1
ฟินเฟร่อ,1
ถนนเกษตร นวมินทร์,1
700,1
มุงกุ้ง,1
เผา,1
ชี้,1
พิกัด,1
เทศกาล,1
ปลา,1
จังหวัดบึงกาฬ,1
ชัยภูมิ,1
ศาลหลักเมือง,1
กูเกิ้ล,1
Resotel&quot,1
แมพ,1
Paradise,1
Similan,1
.....,1
หมู่เกาะสิมิลัน,1
ฟ้า,1
ใส,1
TOKYO,1
dome,1
Wide,1
สนามบินนาริตะ,1
Transit,1
โรงแรม,1
สระบุรี,1
ชมเดอะไฮรีสอร์ท,1
7s,1
mini,1
เปลือก,1
spring,1
ผิว,1
มะปราง,1
ภูลมโล,1
ภูหินร่องกล้า,1
นิราศ,1
ชุด,1
โชว์,1
คิว,1
พัทลุง,1
Gala Yuzawa,1
KTB,1
เมษา,1
ronghui,1
hot,1
ฉงชิ่ง,1
Low,1
HAPPY_NEW_YEAR_,1
ATC,1
สถาบันการบินพลเรือน,1
โอกาส,1
ใด้,1
KBank,1
ATM,1
aupair,1
ฟรี,1
preca gift,1
VISA,1
นำบัตร,1
สดวก,1
มะ,1
555,1
น้อ,1
เกมส์,1
ไซ,1
เสมอ,1
นารา,1
Ascona,1
ราชินิ,1
ทะเลสาป,1
เกียวโต,1
มัจจอเร่,1
Queen,1
pass,1
Maggiore,1
โท,1
เอกดี,1
มนุษย์,1
กิจการ,1
oslo,1
เยาวราช,1
Raykjavik,1
เซล,1
ฟี่,1
พาโนราม่า,1
39,1
เน่ยยี่,1
ปากเกร็ด,1
วง,1
วงการ,1
แบมแบม,1
GOT,1
แถบ,1
river,1
เกาะพะงัน,1
Season,1
Wonderfruit,1
สาเกญี่ปุ่น,1
ศาลายา,1
ประชาอุทิศ,1
กาด,1
หมั้ว,1
คัวศิลป์,1
จังหวัดน่าน,1
รบกวนเซียน,1
โอซา,1
ก้า,1
Polaroid,1
14,1
เพลง,1
กระแส,1
จับใจ,1
เหรอ,1
สนามบิน,1
มอเตอร์ไซค์,1
นครปฐม,1
จี๊ด,1
บางขุนเทียน,1
กู้,1
ก่าาา,1
ไฟล์,1
ลบ,1
คอมพิวเตอร์,1
อนุสาวรีย์,1
Fuji,1
มหัศจรรย์,1
instax,1
ผลไม้,1
แตก,1
อิหร่าน,1
ห่วย,1
มั้ง,1
ย่าน,1
ikebukuro,1
เช็ค,1
อิน,1
บ่าย,1
คะโรง,1
ถนน,1
เสถียรธรรมสถาน,1
ไม๊,1
บ้า,1
ทุ่งทาน,1
ฉบับ,1
Myanmar,1
ลพบุรี,1
มุสลิม,1
อ่าน,1
วิตก,1
มค.,1
บันดาลใจ,1
ดินแดน,1
200,1
มรกต,1
นาวโอพี,1
สนามบินอู่ตะเภา,1
ท่า,1
แหลมบาลี,1
ฮาย,1
เอเชียทีค,1
เวที,1
เลิก,1
เมืองแกนฯ,1
พี่,1
แตะ,1
หล่อ,1
บะ,1
หมี่,1
โบราณ,1
ก๋วยเตี๋ยว,1
รัฐมนตรี,1
DanBo,1
แว๊น,1
เดี่ยว,1
กาญจน์,1
สุดท้าย,1
กำปอง,1
ลาก,1
ไอโฟน,1
องศา,1
โอนะ,1
ฟิลิปปินส์,1
มะนิลา,1
ซีบู,1
หมื่น,1
โฮจิมินห์,1
ทุ่ม,1
ฟาร์ม,1
งูเหลา,1
ดาลัท,1
robs,1
ira,1
ชวนตระเวน,1
จ่าทวี,1
เมืองพิษณุโลก,1
Cathay,1
เจ็บ,1
สิงคโปร,1
เอ็กซ์,1
ซอติก,1
ฮอลิเดย์,1
ค้าา,1
สุข,1
ดอยอินทนนท์,1
8888,1
JapanEAT,1
พ่อแม่,1
แก้บ,1
Day2,1
บ๊ายบาย,1
Hakone,1
ตั้งกติ,1
กา,1
ประโยชน์,1
Nudie,1
passport,1
นัดรถไฟ,1
รัชดา,1
เจเจกรีน จตุจักร,1
คำนึง,1
แองเจลินา โจลี,1
ควงสามี,1
แบรด พิตต์,1
ชายขา,1
กรุงเทพ 360,1
สาธุประดิษฐ์-พระประแดง,1
นัง,1
Sendai,1
เพี้ยน,1
อวด,1
มหาวิทยาลัย,1
จุฬาลงกรณ์มหาวิทยาลัย&quot,1
Yamakun,1
Korean,1
Air,1
เลื่อน,1
app Traveloka,1
search,1
ข้อมูล,1
เว็ป,1
East,1
Matsumoto,1
กะเจ้า-พระสมุทรเจดีย์,1
ลุยเกาหลี,1
ทริปฮันนี,1
มูน,1
พรี,1
เวดดิ้งแทน,1
Pre,1
Wedding,1
รายละเอียด,1
โซล,1
ชอบ,1
hard,1
soft,1
เป่ย,1
แต่ง,1
รี,1
แข่ง,1
ย้อนยุค,1
ปากน้ำ,1
ของขวัญ,1
หมู่,1
บ้านป่าป่าน,1
ดอยสะเก็ด,1
อเมริกัน,1
ล้ะ,1
สกีรีสอร์ท,1
เกาหลีหน่อย,1
cool,1
so,1
good,1
โลด,1
Guide,1
Book,1
โบก,1
หยุด,1
Truelove,1
; Neverland,1
Siberians,1
คา,1
เฟ่น้องหมา,1
น่ารัก,1
เกาะกูด,1
สุดประหยัด,1
คุ้มค่า,1
พรีเวดดิ้ง,1
นิวซีแลนด์,1
เลค เทคาโป,1
ดอกลูพิน ณ,1
แจ้ง,1
สวนพฤกษศาสตร์,1
บ้านร่มเกล้า,1
พระราชดำริ,1
อ.วิหารแดง,1
จ.สระบุรี,1
ฟิวเจอร์,1
ท่าน้ำ,1
ราชวงศ์,1
ทีค,1
................,1
เลี่ยง,1
นครสวรรค์,1
ชื่อ,1
Agent,1
Zealand,1
Email,1
Cambridge,1
IELTS,1
เล่ม,1
ดำ,1
มีลิงค์,1
amazon,1
พ่น,1
จมูก,1
79,1
บัลการีย,1
เก่ง,1
ประโยค,1
สวนพฤกษ์,1
D S,1
......,1
Jakarta,1
เด็ก,1
ติดตาม,1
ดูแล,1
ช่วยเหลือ,1
Scoot,1
โมโกจู,1
หิน,1
ดอก,1
โจวตงจ้าน,1
subway,1
โจว,1
ห้าง,1
จำหน่าย,1
เบียร์,1
magner,1
cider,1
Canopy Walkway,1
อย่า,1
Botanic,1
Festival,1
Gift Garden&quot,1
Zurich,1
13,1
ท้อ,1
แลกเปลี่ยน,1
อเมริา,1
#จากาต้า,1
สำหรับสือสาร,1
Lounge,1
ตปท,1
เจริญ,1
โฆษะ,1
ขอนแก่น,1
มวล,1
ชน,1
Kagoshima Airport,1
Kagoshima Chuo,1
Station,1
แม่สะเรียง,1
สาม,1
แลบ,1
#หนทาง,1
#ถนนร้อยหลุม,1
Art,1
เดินดู,1
art,1
Naksan park,1
&amp,1
Ihwa mural,1
village,1
หัด,1
SONY,1
5100,1
SEL,1
210,1
Flowering,1
Lupins,1
Tekapo,1
ธานี,1
ลำดับ,1
สิ,1
เรียง,1
Saint Petersburg..,1
ก้าว,1
เพลิน,1
ดอยสุเทพ,1
รอย,1
หาดราไวย์,1
จุด,1
ประมง,1
ภูเทือก,1
จ.เลย,1
บริการ,1
Bohol,1
ตึก,1
Chungking,1
Mansions,1
Hong Kong,1
รู้สึก,1
เหมือน,1
ปล้น,1
สกุล,1
วอน,1
ธนาคารไทยพาณิชย์ สาขาสุวรรณภูมิ,1
+*+,1
บ้านเย็นใจ,1
ตกไทรโยค,1
ตกเอราวัณ,1
ศึก,1
จิง&,1
สุนัข,1
กรอก,1
Colorado,1
ทริปเชียงใหม่,1
ว่าง,1
วีซ่าอเมริกา,1
สิ่งอัน,1
ถอย,1
ต้อนรับ,1
ท่าเตียน,1
แม่ประนอม,1
ล่า,1
Road Trip,1
USA,1
อุทยานแห่ง,1
ชาติฝั่ง,1
Montana,1
เช่า,1
Utah,1
หนุ่ม,1
com,1
ตัด,1
กะปิด,1
บัญชี,1
อ่ะ,1
พัน,1
เตือน,1
ภัย,1
หญิง,1
แข็ง,1
San,1
Bluemoon,1
แพลน,1
ทริปด่วน,1
มิถุนายน,1
นุ่ง,1
ซิ่น ลงทุ่ง,1
เทียบเท่า,1
ฝรั่ง,1
ถนนเกษตรนวมินทร์,1
ถนนกาญจนาภิเษก,1
วงแหวน,1
ตะวันออก,1
สนามบินสุวรรณภูมิ,1
อำเภอแม่แตง,1
จังหวัดเชียงใหม่,1
นิดนึง,1
งอบ,1
-+++,1
โปรแกรม,1
ถ่ายทอด,1
สด,1
ถอด,1
รวบรวม,1
ทีวี,1
ช่อง,1
+++,1
11,1
โหด,1
ฮา,1
น้ำตาตกใน,1
เที่ยวเชียงใหม่,1
Francisco,1
Tahoe,1
Ep1,1
tour,1
ปราณบุรี,1
สวนสนฯ,1
Hyperdia,1
เล่า,1
เอ๋อ,1
ขี้,1
บ่น,1
โปรดอภัย,1
ฟิกเกอร์,1
ด๋อย,1
พะงัน,1
Full,1
Moon Party&lt,1
&lt,1
บ้านโปง-,1
แม่โจ้,1
ganic,1
เชิง,1
เกษตร,1
อินทรีย์,1
เต็มตัว,1
Welcome2,1
Snowy,1
Prepare,1
4NewYear,1
Sardonyx,1
Oak,1
nights,1
Krabi,1
ลอนดอน,1
Package,1
เค้าท์,1
time,1
square,1
NYC,1
พกกล้อง,1
กทม,1
Skywalk,1
ราชประสงค์,1
เซนปิ่น,1
สยาม,1
In,1
Part,1
Key,1
West,1
โด่งดัง,1
Miami Beach,1
วิววารี,1
พักเกาะ,1
ยอด,1
แย่,1
ปวดใจ,1
ประทับใจ,1
ปีกะ,1
NAVIGATOR,1
ติ๊ก เจษฎาภรณ์,1
ลำ,1
ปาง,1
จ.น่าน,1
ไหร่,1
160,1
บัลกาเรีย,1
สายหมอก,1
หาย,1
เพชรบูรณ์,1
อั้ล,1
บั้ม,1
ตา,1
ตากล้อง,1
หนังสือ,1
กรุงเทพ,1
แย่ง,1
สลัด,1
80,1
๑๑๑๑,1
กท. ไป,1
ตระกูล,1
LTF,1
RMF,1
เต็มใจ,1
ดอน,1
มจธ.บางมด,1
ยืน,1
เเถม,1
น้ำหนัก,1
โล,1
เชื้อ,1
HIV,1
ต้าน,1
android,1
สนามบินดอนเมือง,1
อาคาร,1
เพชรบุรี,1
สปอนเซอร์,1
จ.ตาก อ.แม่สอด,1
หลวง,1
ระห่ำถิ่นหอย&,1
กีฬา,1
สะท้าน,1
เสียว,1
wake,1
board,1
โต้,1
คลื่น,1
Flow,1
rider,1
ฤดู,1
Day,1
ถั่วน้อย,1
ผจญภัย,1
เก๊า,1
Time,1
Square,1
โรแมนติก,1
สมบุก,1
สมบัน,1
เวียดนามใต้,1
ดาลัด,1
มุยเน่,1
โฮจิมิน,1
สอบ,1
fonta,1
ios,1
ATM กรุงไทย,1
แปลก,1
มือถือ,1
ใด,1
ดวง,1
อุทยานแห่งชาติภูหินร่องกล้า,1
Amadius,1
คุณช่วย,1
เยี่ยมชม,1
ทริบหฤโหด,1
แดน,1
ดอยช้างมูบ,1
ไร่สตอเบอร์รี่,1
เชียงราย,1
ชัน,1
Kobe,1
JW Japanese,1
Sunday Brunch,1
ลิ้ม,1
บุฟเฟ่ต์,1
Kabuki Japanese,1
Cuisine,1
Theatre,1
ยุโรป,1
วงกลมเชียงใหม่,1
หนัง,1
ฉาก,1
California,1
เมล์,1
โทรศัพท์,1
เหงา,1
ไต้หวัน,1
แน่น,1
Osprey,1
vs,1
Gregory,1
รีสอร์ท เชียงราย,1
วัย,1
เอ็นดู,1
โร่,1
work,1
and,1
travel,1
dollywood,1
Tennessee,1
แปล,1
ทะเบียน,1
ยื่น,1
กงสุล,1
Mini,1
เที่ยง,1
#Hello,1
TestJP,1
บางพระ,1
ชลบุรี,1
ป่วน,1
อยุธยา,1
สภาพ,1
สลด,1
เนิบ,1
ใช้จ่าย,1
